Team Member,Manufacturer,Ticker ,Drug Brand,Year Launched OR fda approved,2023,2022,2021,2020,2019,2018,2017,2016,2015
Jolie,Abbvie,ABBV,Humira,2002,"12,160","18,619","17,330","16,112","14,864","13,685","12,361","10,432",8405
Jolie,Abbvie,ABBV,Skyrizi,2019,"6,753","4,484","2,486","1,385",311,,,,
Jolie,Abbvie,ABBV,Rinvoq,2019,"2,824","1,794","1,271",653,47,,,,
Jolie,Abbvie,ABBV,Qulipta,2021,405,158,0,,,,,,
Jolie,Abbvie,ABBV,Vraylar,2018,"2,755","2,037","1,728",951,,,,,
Jolie,Abbvie,ABBV,Mavyret,2017,659,755,754,785,"1,473","1,614",na,na,na
Jolie,Abbvie,ABBV,Linzess,2021,"1,073","1,003","1,006",649,na,na,na,na,na
Jolie,Abbvie,ABBV,Imbruvica,2013,"2,665","3,426","4,321","4,305",3830,2968,2144,"1,580",659
Jolie,Abbvie,ABBV,Ubrelvy,2019,803,780,552,125,na,na,na,na,nana
Jolie,Abbvie,ABBV,Duodopa,2015,97,95,102,103,97,80,61,37,12
Shannon,Amgen,AMGN,Otezla,2014,"1,777","1,886","1,804","1,790",139,"1,275","1,058",904,471.7
Shannon,Amgen,AMGN,Enbrel,1998,"3,650","4,044","4,352","4,855","5,050","4,807","5,206","5,719","5,099"
Shannon,Amgen,AMGN,Repatha,2015,793,608,557,459,376,358,225,101,7
Shannon,Amgen,AMGN,Prolia,2010,"2,733","2,465","2,150","1,830","1,772","1,500","1,272","1,049",837
Shannon,Amgen,AMGN,Xgeva,2010,"1,527","1,480","1,434","1,405","1,457","1,338","1,157","1,115","1,006"
Shannon,Amgen,AMGN,Evenity,2019,809,533,331,191,42,N/A,N/A,N/A,N/A
Shannon,Regeneron,REGN,Dupixent,2017,"8,855","6,668","4,713","3,226.20","1,871",776,257,N/A,N/A
Shannon,Regeneron,REGN,Libtayo,2018,538,374,306,271,176,"4,077",N/A,N/A,N/A
Shannon,Regeneron,REGN,Eylea,2011,"5,719","6,264","5,792","4,947","4,644","4,076","3,702","3,323","2,676"
Isha,Johnson & Johnson,JNJ,Tremfya,,"2,147","1,844",1503,926,764,453,62,,
Isha,Johnson & Johnson,JNJ,Remicade,,"1,143","1,417","2,019",2508,3079,3664,"12,244",11968,
Isha,Johnson & Johnson,JNJ,Simponi,,"1,124","1,166","1,127",1155,1159,1051,954,959,
Isha,Johnson & Johnson,JNJ,Spravato,,589,328,198,na,na,na,na,na,na
Isha,Johnson & Johnson,JNJ,Stelara,,"6,966","6,388","5,938",5240,4346,3469,2767,2263,
Isha,Eli Lilly,LLY,Taltz,2016,"1,832",1724.6,1542.4,1288.5,1016.8,738.7,486,na,na
Isha,Eli Lilly,LLY,Trulicity,,"5,433",5688.8,4914.4,3835.9,3155.2,2515.8,1609.8,737.6,207.7
Isha,Eli Lilly,LLY,Verzenio,2017,"2,509",1653.2,834.9,618.2,454.8,248.5,21,na,na
Isha,Eli Lilly,LLY,Jardiance,2016,"1,600",1194.5,807.3,620.8,565.9,400.2,290.4,na,na
Isha,Eli Lilly,LLY,Mounjaro,2022,"4,834",366.6,na,na,na,na,na,na,na
Sammy,Pfizer,PFE,Xeljanz,2012,"1,154","1,129",2455,2400,2200,1800,1300,927,523
Sammy,Pfizer,PFE,Paxlovid,2021,"-1,289","18,933",76,N/A,N/A,N/A,N/A,N/A,N/A
Sammy,Pfizer,PFE,Prevnar 20,2021,"4,204","4,032",5272,N/A,N/A,N/A,N/A,N/A,N/A
Sammy,Pfizer,PFE,Nurtec,2020,908,211,462,64,N/A,N/A,N/A,N/A,N/A
Sammy,Pfizer,PFE,Abrysvo,2023,949,N/A,N/A,N/A,N/A,N/A,N/A,N/A,N/A
Sammy,Bristol Myers Squibb,BMY,Orencia,2005,"2,754","2,638",2410,2268,2146,1875,1704,1532,1271
Sammy,Bristol Myers Squibb,BMY,Opdivo,2014,"5,283","4,812",4202,3945,4344,4239,3102,2664,823
Sammy,Bristol Myers Squibb,BMY,Sotyktu,2022,157,8,na,na,na,na,na,na,na
Sammy,Bristol Myers Squibb,BMY,Camzyos,2022,226,24,na,na,na,na,na,na,na
Sammy,Bristol Myers Squibb,BMY,Eliquis,2012,"8,592","7,786","10,760",1900,4755,3760,2887,1963,1023
Toni / some international don't have financial data via EDGAR,AstraZeneca,AZN,Ultomiris,,,,,,,,,,
Toni / some international don't have financial data via EDGAR,AstraZeneca,AZN,Farxiga,,,,,,,,,,
Toni / some international don't have financial data via EDGAR,Phantom,PHAT,Voquezna,,,,,,,,,,
Toni / some international don't have financial data via EDGAR,Roche,RHHBY,Vabysmo,,,,,,,,,,
Toni / some international don't have financial data via EDGAR,Apellis ,APLS,Syfovre,,,,,,,,,,
Toni / some international don't have financial data via EDGAR,Bausch Health,BHC,Lumify,,,,,,,,,,
Toni / some international don't have financial data via EDGAR,Intra-Cellular Therapies,ITCI,Caplyta,,,,,,,,,,
Toni / some international don't have financial data via EDGAR,Otsuka ,OTSKY,Rexulti,,,,,,,,,,
Toni / some international don't have financial data via EDGAR,Argenx,ARGX,Vyvgart,,,,,,,,,,
Toni / some international don't have financial data via EDGAR,Neurocrine Biosciences,NBIX,Ingrezza,,,,,,,,,,
Toni / some international don't have financial data via EDGAR,Teva,TEVA,Austedo XR,,,,,,,,,,
Toni / some international don't have financial data via EDGAR,UCB,UCBJF,Bimzelx,,,,,,,,,,
Toni / some international don't have financial data via EDGAR,Novartis,NVS,Cosentyx,,,,,,,,,,
Toni / some international don't have financial data via EDGAR,Novartis,NVS,Leqvio,,,,,,,,,,
Toni / some international don't have financial data via EDGAR,Novartis,NVS,Kesimpta,,,,,,,,,,
Toni / some international don't have financial data via EDGAR,Novartis,NVS,Entresto,,,,,,,,,,
Toni / some international don't have financial data via EDGAR,Novartis,NVS,Xiidra,,,,,,,,,,
Toni / some international don't have financial data via EDGAR,GlaxoSmithKline,GSK,Arexvy,,,,,,,,,,
Toni / some international don't have financial data via EDGAR,GlaxoSmithKline,GSK,Cabenuva,,,,,,,,,,
Toni / some international don't have financial data via EDGAR,GlaxoSmithKline,GSK,Shingrix,,,,,,,,,,
Toni / some international don't have financial data via EDGAR,Novo Nordisk,NVO,Ozempic,,,,,,,,,,
Toni / some international don't have financial data via EDGAR,Novo Nordisk,NVO,Rybelsus,,,,,,,,,,
Toni / some international don't have financial data via EDGAR,Novo Nordisk,NVO,Wegovy,,,,,,,,,,